estimator,100,200,300,400,500,600,700,800,900,1000
OLS,1.0,1.0,1.0,1.0,1.0,1.0,1.0,1.0,1.0,1.0
STA-SBF,4.544263764573098,2.669095014469513,2.53131036435703,2.253659878060372,2.02982729132178,1.7036277433755926,1.7980227104778825,1.3298555123928177,1.5853549100914148,1.197086758349656
STA-CSBF,2.1392652612938923,1.6005906871681446,1.7889211617728629,1.7610583187685265,1.9097129392481986,1.688352999941077,2.014199986653969,1.8335575027044024,2.218032674616377,2.2264473346048366
LP-NW,1.8285949803512527,0.738151235482347,0.6325333233358207,0.4212945008602411,0.3371483510872971,0.27049746495641813,0.28003325978225807,0.19750592343395929,0.2059403121210056,0.18927329817251662
LP-LL,1.067517711429659,1.1673428782942301,1.2604228770329782,1.2675879640094103,1.2856467821036566,1.1925901789568802,1.4357824782159818,1.261187453891692,1.281686786341754,1.2494427472276937
KRR-M,1.4816981898601003,1.4478110492731038,2.1221628193547906,2.0789582840494996,2.362948115170718,2.01270443328445,2.4044928358790387,2.260336596455039,2.4792647481864187,2.1445124165155462
KRR-R,1.5455450941937634,1.6414936235587827,1.70057170534277,1.834394855943679,1.9053918697075503,1.65654757516497,1.9868244107062099,1.9794871013772815,2.156905475538008,2.137886384387125
EASE(F)-NW,1.0408234858539094,1.1022436903345445,1.0443904420046566,1.057627942216286,1.1531981740770698,1.414921417326547,1.3829451769427432,1.5135383605503567,1.3784416601752871,1.7526191976648342
EASE(F)-LL,0.8864852556193064,1.3341338335897832,1.3837381909742827,1.3951744204189036,1.6385823727922215,1.3130241329458896,1.0989004752621814,0.9318032575391008,1.0943206374598886,0.9004204677089711
EASE(F)-Matern,0.6558478625712988,0.757521028841782,0.806055411949156,0.8885549186292415,1.0216402546978995,1.0954395292476669,1.2476768644553835,1.2145804956214372,1.4463649228665754,1.2896110059219714
EASE(F)-RBF,0.6716092645426616,1.2502364395153611,1.2257167440509549,1.4184951500789176,1.638939500714012,1.491121746612066,1.8007642363502352,1.9587458792775887,1.6894092047229845,1.81974349647203
EASE(L)-NW,0.94816483643212,0.888338691433561,0.9340765871759276,0.9501771414797714,1.034051740473767,1.0906329261139691,1.1606264068920709,1.2266898544993217,1.3234311578852749,1.213345521456035
EASE(L)-LL,0.98560687973159,0.8867633161201497,0.9438799348526752,0.9690706913625378,1.0789423545765016,1.149915551030394,1.2766608894612537,1.2639604598237453,1.375788397970617,1.3097005118665934
EASE(L)-Matern,0.990052912945405,0.9022697183019154,0.963733096125068,0.9770874672927926,1.1594700065167012,1.1773920849275652,1.3399836632168556,1.297061793188037,1.4737237055646062,1.2472719822566003
EASE(L)-RBF,0.9847004484525304,0.9374518473294712,0.9848228955091772,0.9760815725399644,1.145711549978068,1.2170645113317695,1.2879760347901317,1.2328735128708002,1.2998680140133287,1.1932773325053143
PI,0.977313,0.981822,1.088298,1.238494,1.370984,1.346023,1.28314,1.27206,1.340939,1.18841
