estimator,2,3,4,5,6,7,8,9,10,11,12,13,14,15
STA-SBF,1.6944940335389491,1.6618536876697447,1.62133470617017,1.610589526108061,1.634871630171249,1.459726745639969,1.4471182083039773,1.3101799369266791,1.327196918761149,1.2974864809975797,1.241462415795296,1.2202333088261947,1.2644684841492109,1.1235212690094891
STA-CSBF,1.540119755903875,1.872248994804457,1.8216716982864511,1.81707072368554,1.917510786154676,1.5325340870668225,1.5373008965069157,1.4457712880362743,1.3749805426227828,1.3706241542135915,1.35380138520731,1.2384406103508234,1.2786150095106952,1.2241979222710089
LP-NW,1.866138107796884,1.2155733028836049,0.6457088631593491,0.3715132315678501,0.3093403254756329,0.2347963166163409,0.1834058623556938,0.1647309659267655,0.1383845005526468,0.1276717306266761,0.1135683971594804,0.1083404632888792,0.1159815520420879,0.0978262168658054
LP-LL,2.182370697333131,1.7672148457744858,1.4928838448584436,1.0930513698517883,0.8430728063735732,0.7633999579368157,0.485030034404151,0.3613008961327226,0.237168161296302,0.1898027770659194,0.1154933144023822,0.0746453881557936,0.0679805797939653,0.0623885662052623
KRR-M,2.095332757778442,2.274601593213766,2.1978149946702703,1.451514068700829,1.8155885545858776,1.120090702117003,1.4014946853721932,0.8641802459069045,1.2263647723176627,0.7494959675782376,1.0082807140331491,0.6324349062007754,1.0649632596463172,0.5618272532576877
KRR-R,1.4547092065846932,1.7633758760839888,2.1768866833408933,2.4294761313344493,2.518554811242856,2.038520637233842,1.558505916401943,1.5322349543030995,1.3339869290989852,1.3363127488258186,1.2589733320286731,1.302052262328509,1.2587838590997469,1.0963631459398795
EASE(F)-NW,2.578259749970592,2.36840058059958,1.623865229248273,1.3104020945537835,1.111669228372782,0.9895960348070898,0.9753706260234302,0.961878100516164,0.9324224661990476,0.9064693408451394,0.9058948011076424,0.9551578635240858,0.9537875812274696,0.9490041214523818
EASE(F)-LL,2.8568351496326203,2.990937437442054,2.271769679142781,1.5819622873258914,1.2824034704655598,1.0815233517265035,1.0062341436569022,0.9976243684079392,0.981075685197138,0.97665592126672,0.9759184147874232,0.9852970019491902,0.9822258494289784,0.9918031239864468
EASE(F)-Matern,2.763731825003716,2.4500292481101305,2.146582086690686,1.425045711799091,1.3556969043671514,1.131645183918818,1.1299967928639372,1.0710118472222327,1.0448021177254163,1.0266290579318862,1.0376462831124091,1.0048974671698143,1.0066477179403424,1.0003398246565514
EASE(F)-RBF,2.804285438400384,3.475067469570968,3.688937754597039,4.075477302103471,2.796301534055951,1.4372236479676057,1.1446962471978526,1.0634418493856448,1.0041679093536988,0.9929433719503064,0.9664555263598922,0.9568644556189428,0.9503337089999676,0.9653883771453142
EASE(L)-NW,2.6111817059582823,1.5685655907438398,1.1681697629202563,1.0995373214575552,1.0780323081511567,1.0119158515732625,1.001239128217206,0.9982486400521462,0.990830671578459,0.9946004555289202,0.9867828524621404,0.9760472418979582,0.971447871860698,0.9640838192837762
EASE(L)-LL,2.8600146209556425,1.7645293904524182,1.23953547091196,1.1325715976203026,1.0946497103362265,1.0168979780241312,1.005836687855802,0.9974026098004828,0.98170366026432,1.0020197989750566,0.9870977218145132,0.9747586108569728,0.9783908715952084,0.9616298711420932
EASE(L)-Matern,2.7533211246235583,1.679841163398197,1.2397503840188089,1.1288741662437187,1.0987754758858954,1.0282509698899285,1.0090047310852726,0.9993520248439964,0.9852852621004335,0.9873795662951932,0.9969889220527256,0.9789195059283162,0.9849085503054588,0.9675584754978684
EASE(L)-RBF,2.82661710487628,1.6946942691224067,1.2353677957579807,1.142642064946206,1.110294651551247,1.033591674134032,1.0143998929659213,1.0163382443477538,0.986952743996859,0.9830558572670672,0.9988430714219751,0.98132776734621,0.9858107904728348,0.9664080647239578
PI,1.1340562974249455,1.0246643276907446,1.04479532454987,1.019316893477329,1.0179803682852748,0.9945334492782814,0.9945097308195918,0.9728754574398564,0.9800573107376028,0.9957627982290808,0.9895146238123989,0.9697109853712452,0.9689834439278672,0.9659944466089556
